Stations,Drones,Iteration,APCount,Distance,APDistance,FlightTime,APFlightTime
5,1,1,5,2632.4053713602552,2632.4053713602552,4.8748247617782505,4.8748247617782505
5,1,2,5,2224.117085010236,2224.117085010236,4.118735342611549,4.118735342611549
5,1,3,4,1910.2135051784953,1889.4913876503101,3.537432416997214,3.4990581252783524
5,1,4,4,2921.812277155361,2901.708464004885,5.410763476213632,5.37353419260164
5,1,5,3,1065.7413677954414,948.8649105677848,1.9735951255471138,1.7571572417921941
5,1,6,5,2691.0342368626834,2691.0342368626834,4.983396734930896,4.983396734930896
5,1,7,5,1274.4446149721027,1274.4446149721027,2.360082620318709,2.360082620318709
5,1,8,5,2242.2570230842775,2242.2570230842775,4.15232782052644,4.15232782052644
5,1,9,5,2029.0351318392134,2029.0351318392134,3.757472466368913,3.757472466368913
5,1,10,5,2327.7380463013187,2327.7380463013187,4.310626011669109,4.310626011669109
5,2,1,5,2308.7871077723953,2308.7871077723953,2.1672920657092027,2.1672920657092027
5,2,2,5,3024.0843674248586,3024.0843674248586,2.976166984188561,2.976166984188561
5,2,3,3,1541.5635009785328,1455.5167121752474,1.4513193084981733,1.3756115654575773
5,2,4,4,2441.3422371777065,2350.3236708313575,2.2791665793854508,2.2791665793854508
5,2,5,5,2041.9441991691065,2041.9441991691065,1.8959436862184036,1.8959436862184036
5,2,6,5,2196.509626336993,2196.509626336993,2.1340205889357415,2.1340205889357415
5,2,7,5,2290.505704159831,2290.505704159831,2.1505439563703486,2.1505439563703486
5,2,8,5,2969.9743187314543,2969.9743187314543,2.762825989519752,2.762825989519752
5,2,9,4,1908.477415276372,1905.5080016148413,1.8234742879099224,1.8179753737219022
5,2,10,4,2012.7924765886708,2003.7070218954173,1.980204434395207,1.980204434395207
5,3,1,5,2696.072452453819,2696.072452453819,2.377591964331944,2.377591964331944
5,3,2,5,3678.7135608220424,3678.7135608220424,3.342226366749083,3.342226366749083
5,3,3,5,3292.2361461875744,3292.2361461875744,2.817594891397755,2.817594891397755
5,3,4,5,3526.107058018178,3526.107058018178,3.0655624713327967,3.0655624713327967
5,3,5,5,1837.3587026357698,1837.3587026357698,1.4101981937361867,1.4101981937361867
5,3,6,5,2701.776883152143,2701.776883152143,2.6262579917413125,2.6262579917413125
5,3,7,5,2618.119313575153,2618.119313575153,2.255236997452954,2.255236997452954
5,3,8,4,3500.3049688906985,3158.9883406703602,2.783905836308162,3.0660725723406537
5,3,9,5,3313.7667579304057,3313.7667579304057,2.640006178841595,2.640006178841595
5,3,10,5,3166.2582432411264,3166.2582432411264,2.5975225126326746,2.5975225126326746
5,4,1,5,2405.4664021219783,2405.4664021219783,2.122751267049707,2.122751267049707
5,4,2,5,2656.690596115079,2656.690596115079,2.0570373317664616,2.0570373317664616
5,4,3,5,3499.1557743432813,3499.1557743432813,2.479968016338927,2.479968016338927
5,4,4,5,2424.262289775744,2424.262289775744,1.8019862951015697,1.8019862951015697
5,4,5,4,2755.4348924510564,3409.594603201385,2.058252421988162,2.0286713742204823
5,4,6,5,2857.9186862630877,2857.9186862630877,2.0707718404506315,2.0707718404506315
5,4,7,5,3413.7164163284915,3413.7164163284915,2.6180086395990854,2.6180086395990854
5,4,8,5,2293.460055072599,2293.460055072599,1.7300712649709888,1.7300712649709888
5,4,9,5,2664.9926665023886,2664.9926665023886,2.259318929798402,2.259318929798402
5,4,10,5,2448.411665012469,2448.411665012469,2.217920163742563,2.217920163742563
5,5,1,5,5738.511421793043,5738.511421793043,2.5143163472605257,2.5143163472605257
5,5,2,5,3770.887505811963,3770.887505811963,1.8137752124400652,1.8137752124400652
5,5,3,4,2425.300859702108,2007.0844085670528,1.3022205894735477,1.3022205894735477
5,5,4,5,3631.2263312376767,3631.2263312376767,2.0339033134872815,2.0339033134872815
5,5,5,4,3816.162724131909,2823.620029836092,1.8643918016670897,1.8643918016670897
5,5,6,5,4519.814452922385,4519.814452922385,2.029833221743422,2.029833221743422
5,5,7,5,2851.4182484839034,2851.4182484839034,1.305371670790586,1.305371670790586
5,5,8,5,4496.664238938426,4496.664238938426,2.553314234528706,2.553314234528706
5,5,9,5,3516.009312378561,3516.009312378561,1.735023115874837,1.735023115874837
5,5,10,5,3355.313587767007,3355.313587767007,1.9532894066606823,1.9532894066606823
5,6,1,4,2431.1740738307626,2136.2283161057194,1.360002067697936,1.360002067697936
5,6,2,5,4651.204075969607,4651.204075969607,2.166651630210566,2.166651630210566
5,6,3,4,4518.494312504939,4231.229626196302,2.4696435434743242,2.4696435434743242
5,6,4,5,4513.384027151512,4513.384027151512,2.159543529982093,2.159543529982093
5,6,5,5,2029.6299509342812,2029.6299509342812,1.0828330595443831,1.0828330595443831
5,6,6,4,4075.1097462480834,3839.1224584548636,2.510118070881687,2.510118070881687
5,6,7,5,4487.400736002832,4487.400736002832,2.6716934360413727,2.6716934360413727
5,6,8,5,4622.4325600043685,4622.4325600043685,2.3541371224337913,2.3541371224337913
5,6,9,5,2674.6264090761256,2674.6264090761256,1.3894393970715062,1.3894393970715062
5,6,10,3,1984.4393652836732,1160.7697726424751,0.8783362811423192,0.7606085571626715
5,7,1,5,3116.039023827301,3116.039023827301,1.5453811885203754,1.5453811885203754
5,7,2,5,4584.580791756063,4584.580791756063,2.072655765060604,2.072655765060604
5,7,3,4,4252.143477985865,3593.2072139966986,2.1112126356354874,2.1112126356354874
5,7,4,4,971.2291100052635,870.9445149769143,0.6456379964783444,0.6456379964783444
5,7,5,2,4798.17794971476,1974.7574255946238,1.9277092882841993,1.9277092882841993
5,7,6,5,4245.294102302469,4245.294102302469,2.1868645461504643,2.1868645461504643
5,7,7,5,2040.785810574614,2040.785810574614,0.989952957827069,0.989952957827069
5,7,8,5,2857.609502280922,2857.609502280922,1.4920571597298928,1.4920571597298928
5,7,9,5,2882.0030873399583,2882.0030873399583,1.6746977288015958,1.6746977288015958
5,7,10,4,2653.1326456924007,2239.773237912682,1.1486289315947822,1.1486289315947822
5,8,1,5,3795.3888850594158,3795.3888850594158,1.9867945383765548,1.9867945383765548
5,8,2,4,5648.75384128406,4375.2547246765935,2.5207315984640646,2.5207315984640646
5,8,3,5,4287.313746679643,4287.313746679643,2.5417913009986965,2.5417913009986965
5,8,4,5,3773.3656967785564,3773.3656967785564,2.2183801663408067,2.2183801663408067
5,8,5,4,1750.0094335805813,1580.4688779603994,1.0302223180903032,1.0302223180903032
5,8,6,4,3922.940929587599,2973.321005618014,1.9431018292392366,1.9431018292392366
5,8,7,5,3721.186386638013,3721.186386638013,2.427529862755122,2.427529862755122
5,8,8,3,2757.284371891818,1462.9126135515107,1.2901999504760897,1.2856307264854099
5,8,9,5,2956.510172089028,2956.510172089028,1.5685742698561869,1.5685742698561869
5,8,10,4,3635.6335694664676,2681.5303255772124,1.7668578590541766,1.704574053050193
5,9,1,4,2380.3432498472475,2047.7864877749662,1.2180765831483118,1.2180765831483118
5,9,2,5,3973.045935883831,3973.045935883831,1.9672385302352764,1.9672385302352764
5,9,3,5,3227.6746029501155,3227.6746029501155,1.505021316539175,1.505021316539175
5,9,4,5,3982.1711462328935,3982.1711462328935,2.0361361644324627,2.0361361644324627
5,9,5,4,3729.074887536389,2976.7498248141637,1.4818390772126568,1.4818390772126568
5,9,6,5,4293.47092817986,4293.47092817986,2.4098705348032765,2.4098705348032765
5,9,7,5,4139.230135292142,4139.230135292142,1.7245146033837901,1.7245146033837901
5,9,8,5,3057.3938692161905,3057.3938692161905,1.7820261737557666,1.7820261737557666
5,9,9,5,3138.4394932796695,3138.4394932796695,1.597674922426444,1.597674922426444
5,9,10,4,1486.0682456573086,1348.3947187903034,0.9090800909694273,0.9090800909694273
5,10,1,5,3757.230284769831,3757.230284769831,2.1870903496497043,2.1870903496497043
5,10,2,5,5318.658175959974,5318.658175959974,2.481232712793037,2.481232712793037
5,10,3,5,4145.928540201274,4145.928540201274,1.817647071880279,1.817647071880279
5,10,4,5,3898.7972545325943,3898.7972545325943,2.165784087416356,2.165784087416356
5,10,5,5,2413.102073442864,2413.102073442864,1.3427918115286404,1.3427918115286404
5,10,6,5,3529.355434179386,3529.355434179386,1.5634203736507428,1.5634203736507428
5,10,7,3,3191.9513518778576,1820.558521969122,1.3514839682081807,1.3514839682081807
5,10,8,5,3984.6649135069083,3984.6649135069083,1.7374525681617319,1.7374525681617319
5,10,9,5,3405.607282634068,3405.607282634068,1.9191333206246934,1.9191333206246934
5,10,10,5,4344.283383544549,4344.283383544549,2.064383778295061,2.064383778295061
10,1,1,9,3627.4771406712207,3497.8219150729738,6.717550260502261,6.477447990875878
10,1,2,8,2913.3275087622874,2795.1455979459606,5.395050942152384,5.176195551751779
10,1,3,8,2761.9193861520075,2677.3727815419984,5.114665529911125,4.958097743596293
10,1,4,8,2573.615476002358,2418.9046682146845,4.765954585189552,4.479453089286452
10,1,5,7,2857.1148386674026,2686.6182304264034,5.290953404939635,4.97521894523408
10,1,6,10,3239.190831849128,3239.190831849128,5.998501540461348,5.998501540461348
10,1,7,9,2852.160123850239,2854.4614519849383,5.281778007130072,5.286039725898035
10,1,8,9,2604.3924513302754,2593.01632416179,4.822948983944955,4.801882081781093
10,1,9,9,3165.3242343418756,3165.2981593215586,5.861711545077547,5.861663258002887
10,1,10,8,2560.253809070352,2504.2929302403686,4.741210757537689,4.637579500445128
10,2,1,9,3476.714581984396,3238.540369432333,3.940323663861226,3.4583432392829656
10,2,2,9,3403.6135668639927,3327.2574454731857,3.378010586045625,3.4447991293218543
10,2,3,9,3338.410536097078,3314.511715350027,3.309575279853084,3.309575279853084
10,2,4,7,2857.7016720099678,2711.6384237515767,2.784821606489515,2.608918271811162
10,2,5,8,3436.3574245014206,2737.4601389271193,3.4685772680704665,2.702815127874369
10,2,6,8,2465.6439082099228,2586.0856814497174,2.350299934689926,2.669584067099632
10,2,7,10,3189.494176438401,3189.494176438401,3.0833675369477813,3.0833675369477813
10,2,8,9,3661.269770473178,3538.0664692723094,3.6023378112380104,3.37418354975492
10,2,9,7,3123.8600140016174,2700.3973060504436,3.0979873325458454,2.6807267232539127
10,2,10,9,3582.197434000768,3576.9872976958072,3.5252248264337758,3.5252248264337758
10,3,1,8,3594.0865142819275,3448.1236005363476,2.6389510773773583,2.5888352233909053
10,3,2,10,3714.937950843885,3714.937950843885,2.8556480269077205,2.8556480269077205
10,3,3,9,3047.9731481889085,3366.0027640632557,2.7173644978697524,2.4267676102011433
10,3,4,9,3991.050955598125,4619.041440938665,3.5142685798921827,3.487640304450846
10,3,5,9,3982.85887603742,3628.7382451115673,3.0437036514254263,2.9057175035305587
10,3,6,8,4140.487952143796,3958.0927794643135,3.2981238031777957,3.1924609825480097
10,3,7,9,3751.3394731739127,4037.226970612212,2.8197825804433974,2.8163417463071827
10,3,8,9,2935.3428126518793,3190.5079888052924,2.3530396648518406,2.48453651982737
10,3,9,8,3658.94076871733,3596.8518383665833,3.021191321865013,2.9066005363048477
10,3,10,9,4320.94468208753,3833.1943903819506,4.2379912067437395,2.9917856233066127
10,4,1,9,4906.8875651680855,4003.7968655374575,3.953605489642133,3.235297356296166
10,4,2,10,4792.604177487287,4792.604177487287,2.999798866782603,2.999798866782603
10,4,3,10,4700.4773590823725,4700.4773590823725,2.9473464365308333,2.9473464365308333
10,4,4,8,4365.525415699771,4454.580512782424,2.7762972903993552,2.6910975505477146
10,4,5,9,4554.718327041482,4359.941225403412,3.0137919491428677,3.0405383574118794
10,4,6,8,4309.6824555206285,4343.8876471568965,3.1298456669483863,2.3847769168094
10,4,7,9,4235.818299348977,4155.743531531096,2.6570114403769116,2.676245517175315
10,4,8,9,3315.8528720470663,3248.3101787047945,2.0747087053647215,2.475003271136046
10,4,9,7,4901.474590213198,4581.806871317369,2.8127600987278147,2.6551603727840307
10,4,10,9,4921.235929961656,4661.363942976655,3.4899823764457425,3.4899823764457425
10,5,1,8,4906.390594894661,3987.8457138105296,2.3709966201213364,2.3834804378549435
10,5,2,9,5072.8397960151415,4887.914091658237,2.223763349099313,2.33688723953218
10,5,3,9,4519.767524734484,4288.014413124118,2.6052941687079163,2.6052941687079163
10,5,4,8,5733.974338243338,5132.547115922909,2.5010497063027013,3.1586983301013887
10,5,5,10,4781.996395287608,4781.996395287608,2.119119842915045,2.119119842915045
10,5,6,8,4479.159904843704,3811.3864414419872,2.908107252920129,2.908107252920129
10,5,7,6,3989.178354098425,2563.6599530085705,1.6990257282384305,2.1236688793552485
10,5,8,4,3429.2908923699215,2102.378366313465,1.4483911046929028,1.2891403011501046
10,5,9,9,5335.98409744648,4847.2373581059965,2.225003788799739,2.8853575252868153
10,5,10,8,4927.504196467167,3959.4617566684865,2.1070723472500394,2.1070723472500394
10,6,1,10,5395.509735677174,5395.509735677174,2.4787430617836113,2.4787430617836113
10,6,2,7,6209.102670910863,4730.595773208592,2.419507818580066,2.5067847965751584
10,6,3,9,5038.186648790572,4661.213074740487,2.4642459164798245,2.3526137769231643
10,6,4,8,5512.944307023204,4231.1002063669075,2.6179420619724754,2.6179420619724754
10,6,5,8,4208.6329957921735,3876.2279476634417,2.6416238840875574,2.6416238840875574
10,6,6,9,5307.899362924117,4970.178326402973,2.5756156245296227,2.5756156245296227
10,6,7,8,5739.520944380431,4890.933164619757,2.7174396671174916,2.7174396671174916
10,6,8,8,4422.24608849933,3782.2429912738244,2.4377461540107728,2.358728084540821
10,6,9,10,5550.767959508852,5550.767959508852,2.6709436717143817,2.6709436717143817
10,6,10,8,4937.103914944095,4259.799570807894,2.5421735760364395,2.7222546976279576
10,7,1,9,5302.886455567896,5040.025731411134,2.4260372416854104,2.4260372416854104
10,7,2,9,3756.063608736369,3451.121428797674,1.593802269818779,1.7165430110715516
10,7,3,8,4741.049748828245,4411.745550107851,2.8873122868671275,2.8873122868671275
10,7,4,8,4688.944854949922,4454.377670124268,2.4031378781293102,2.4031378781293102
10,7,5,8,5679.478744457571,4568.508133843994,2.8021506396095313,2.8949418067423935
10,7,6,9,3981.182630707807,3937.507463629975,2.0071650638358327,2.0071650638358327
10,7,7,9,5420.338878644749,4860.903604309584,2.82103902985561,2.842805715459269
10,7,8,9,6602.4197244423995,5477.059960800948,2.741962597968059,2.791151244555694
10,7,9,10,5400.207597424593,5400.207597424593,2.4516010766057903,2.4516010766057903
10,7,10,8,5837.744941733612,4674.602352992747,2.64060434518566,2.64060434518566
10,8,1,6,4338.406775741675,4991.163973855809,2.5508799698250146,2.3036977491884465
10,8,2,10,4099.754851615453,4099.754851615453,2.3909310660189065,2.3909310660189065
10,8,3,9,5725.44593458103,4879.50225920707,2.701834979601231,2.701834979601231
10,8,4,8,4808.621885581019,6533.470250321567,2.8284943221316756,2.5813120992307605
10,8,5,8,4875.503258482628,6848.783696669215,2.777701410760633,2.4871887105235566
10,8,6,9,5528.301340015708,5385.739376065232,2.6663655665521966,2.6663655665521966
10,8,7,9,5183.0163495063425,4745.434990765769,2.3106325557845815,2.3106325557845815
10,8,8,8,5180.3381555989135,6269.028069889428,2.8834169795128775,2.68316015595353
10,8,9,8,4680.23476957075,5939.460853342659,2.132068443854986,2.11341654494693
10,8,10,9,4638.651489325142,4454.33817560153,2.3762604883466207,2.3762604883466207
10,9,1,9,4846.6870810944765,6609.4068429040835,2.618745289560216,2.0158706724145863
10,9,2,9,4780.011308451365,6820.054907551766,2.922031000243409,2.4272437754949574
10,9,3,10,5724.325416863064,5724.325416863064,2.9943213918341804,2.9943213918341804
10,9,4,7,4566.012724130009,5647.422811562751,2.3290286901957926,2.230359330575283
10,9,5,8,4941.78857467332,5483.714637127152,2.1036292376223775,1.9962937195063426
10,9,6,7,4930.331481155317,6252.7277566779385,2.6587259834381722,2.6546184874909886
10,9,7,8,5398.912011997064,6424.064033918863,2.5101272735199576,2.254576963412564
10,9,8,7,3288.4875024282924,3890.4185852670844,1.885477247620027,1.6037208107889216
10,9,9,8,5064.420519196421,5956.755318285097,2.5212271638942276,2.3168805597442255
10,9,10,8,6503.167714250275,8299.770182213895,2.7596324445851637,2.595577646616628
10,10,1,10,9315.357168969713,9315.357168969713,2.354927997000384,2.354927997000384
10,10,2,9,7362.752382535326,6869.959322519258,2.5429944922579604,2.5429944922579604
10,10,3,9,7011.41055297799,5855.588334814659,2.140411515117277,2.0409297821966677
10,10,4,9,8010.103863803607,6772.974121213931,2.626227585452154,2.626227585452154
10,10,5,8,7711.136128003735,7012.676699143091,2.6480892249336834,2.6480892249336834
10,10,6,9,11090.281198630382,9843.318087708492,2.6029903927811255,2.6029903927811255
10,10,7,8,7019.733634960117,5584.766447571209,2.0249312000370288,2.0249312000370288
10,10,8,9,7308.5663742604465,6532.9859464516985,2.22327212852498,2.22327212852498
10,10,9,7,9629.321581601385,6284.676915949098,2.3082462359702998,2.2228741327729042
10,10,10,9,6364.555709549717,5624.944325105156,1.9341783664803944,1.9341783664803944
15,1,1,12,3398.5091626645913,3321.7017615274585,6.2935354864159105,6.151299558384182
15,1,2,12,3454.9219144346735,3373.6603777773576,6.398003545249395,6.247519218106218
15,1,3,13,3813.2692062453407,3694.027441996737,7.061609641195076,6.8407915592532165
15,1,4,11,3113.005515489204,2784.065161290257,5.7648250286837115,5.155676224611588
15,1,5,13,3510.9017758941795,3451.2450251475566,6.501669955359592,6.3911944910139935
15,1,6,12,3283.3456067452184,3188.7246861865683,6.080269642120775,5.905045715160312
15,1,7,9,3418.310958468475,3180.116365854767,6.330205478645324,5.889104381212531
15,1,8,12,3066.997337688533,2860.0778457376005,5.6796246994232105,5.2964404550696305
15,1,9,11,3836.259309438942,3670.2749405088252,7.104183906368411,6.796805445386713
15,1,10,13,3595.8619782384003,3673.5354306839563,6.659003663404445,6.802843390155475
15,2,1,10,3999.4682213336523,3584.2074988183094,4.0215688607646145,3.442486020210574
15,2,2,11,3299.1163086525567,3246.7100319282717,3.360651784064679,3.3062437933247266
15,2,3,13,3904.487922505901,3809.865944316666,3.7203926692890024,3.599994084702393
15,2,4,11,3912.417117013707,3757.8911265594297,4.192261130691799,3.5156459838018077
15,2,5,12,3829.234861879791,3696.58415066664,3.6263063624572984,3.5124574916398834
15,2,6,13,3848.7890077588536,3527.7043186508204,3.5653990285802766,3.3197238876145727
15,2,7,10,3344.914549534905,3135.276920584529,3.1518464981206304,2.9788038526871494
15,2,8,11,3281.1223890256706,2897.437690896575,3.798040247417723,2.7069380801610987
15,2,9,13,3753.258017174011,3571.6615276353004,3.6301852878381973,3.38317181692894
15,2,10,13,4470.212867511233,4311.544127871604,5.11665738565762,4.859308711851154
15,3,1,9,4179.047379550263,3797.9574864888045,2.6678298417494806,2.4878817533129634
15,3,2,10,4553.4379020687475,3911.137609070417,3.2712548495011626,3.1575900233264043
15,3,3,13,5146.846860398633,4493.041775695869,3.6582504799017843,3.7165591032561824
15,3,4,12,4448.077666854864,4495.509363967403,3.3777327777835278,3.4696925141117987
15,3,5,13,5482.167157912203,5142.59585012008,3.505862196310964,3.2836093946880323
15,3,6,12,4563.5417100181485,4492.150312840235,3.2102444076012624,3.1800180720727598
15,3,7,13,4839.434579053928,4212.358660673563,3.4631681815490842,3.23214150691634
15,3,8,11,4719.1539647421305,3925.8507113531587,3.2671567341113574,3.2039595896780635
15,3,9,8,4100.711968919122,3598.8213600244944,2.6851850506409978,2.854300884886443
15,3,10,11,4911.605955382473,4743.298310443801,3.137079874685403,3.099201095444773
15,4,1,10,4784.132010656256,4255.030717693381,2.8815831236271396,2.9426741675091943
15,4,2,11,5070.704789408509,4949.085849199444,3.402010764426979,2.899652550842047
15,4,3,10,5021.188383347952,4923.540638353058,3.579620834802779,3.300894338282079
15,4,4,11,4927.713499086296,4436.9292635242855,3.0094986608681427,2.7975072163541594
15,4,5,15,5241.421803145193,5241.421803145193,2.9301523436767423,2.9301523436767423
15,4,6,13,5497.131370692998,5004.183372565029,3.76069588802482,3.76069588802482
15,4,7,11,4154.43417205956,4225.501247313906,3.3393691806211243,2.934230059396316
15,4,8,13,4452.894785848668,4270.335178541591,2.9261963101975463,2.9261963101975463
15,4,9,9,4631.268817933493,3892.7452319283157,2.819889690244668,2.9999213779004266
15,4,10,11,4611.448168209064,4424.614050424923,2.558119924895551,2.8058643001722183
15,5,1,12,6191.411578496893,5243.920735362167,3.2866090677077358,3.499385066023292
15,5,2,11,6819.973954787842,5410.551921584147,2.8256275665240347,3.0708398643037578
15,5,3,13,5820.882499737947,5582.880299256241,2.9901086465442797,2.9901086465442797
15,5,4,13,6257.898516320567,5684.77535114702,2.767847651695959,2.7649743462956873
15,5,5,14,5661.019281228192,5452.93620365672,3.0111672943453436,2.8116355462297578
15,5,6,12,4127.765990347389,3599.1740850324863,2.1512191314425273,2.0508432590916756
15,5,7,14,5517.482507229299,5150.755227354905,2.32216040546886,2.3927039720841194
15,5,8,11,5508.3094518483595,4604.262191298449,2.921458548180298,2.921458548180298
15,5,9,11,6516.192353190314,5311.038397371658,2.962381101563323,2.908209289304961
15,5,10,13,6252.890431445336,5614.138279197783,3.2812769217810365,3.2812769217810365
15,6,1,10,4629.820353269481,4384.306625508638,2.4250368160512026,2.2288707839055473
15,6,2,12,5722.692630345924,6217.925611055291,2.649008099873974,2.6439999482069485
15,6,3,14,5806.24751251232,5294.113648971672,2.727950406863467,2.727950406863467
15,6,4,12,5270.016913971413,5798.196098047179,2.781179171110099,2.483263589648664
15,6,5,12,3933.4028675102686,4509.351510235148,1.871856475836415,1.8642859327182535
15,6,6,13,5393.419973429167,5035.371820868964,2.7732630075075835,2.7732630075075835
15,6,7,12,6801.270069858929,7428.939579490662,2.938024984962224,2.8154697692936494
15,6,8,10,4153.911751126195,4402.9006604506985,2.462435456465981,2.454580795575015
15,6,9,13,5821.456013489809,5342.000320388652,2.851115512700425,2.5746567116883923
15,6,10,11,5476.542999615836,5302.06027793639,2.5307233163412266,2.524136124135878
15,7,1,12,5627.808108504019,5928.8556957426135,2.8150843203556675,2.700204949950037
15,7,2,11,6029.437721781851,5478.970383481865,2.959406132837945,2.944201839363015
15,7,3,13,4600.985184209403,5331.937932048155,2.3449986658087423,2.075047829632543
15,7,4,11,5801.264761393519,6129.3880255425065,3.0669367030656614,3.0635858627099375
15,7,5,12,5998.843033419259,6174.405916565502,3.248489939048655,2.7043450538445133
15,7,6,10,5498.005875072138,5538.905662546238,3.109563619420824,2.653856312767453
15,7,7,10,7128.760931190547,6141.927351883709,3.178533505597196,3.0036482751897084
15,7,8,13,4674.708175046033,5198.897068819062,2.2662591260564384,2.2622017788760895
15,7,9,11,5872.465337514257,5706.758685846175,2.8840077908481594,2.741573447285801
15,7,10,11,5067.389958333553,5537.066225617887,2.7314717170141867,2.728882333646994
15,8,1,11,5773.5877788949065,4627.3824678684205,2.087004079070019,2.087004079070019
15,8,2,12,6827.474697522336,5904.733298443047,2.4766335568536197,2.4766335568536197
15,8,3,11,8422.09077536158,6727.6043972459265,2.871978532967419,2.871978532967419
15,8,4,13,7684.293629672073,7136.450706153792,2.796636386455239,3.256852154404231
15,8,5,9,6622.134141190237,4261.17369114943,2.3895820167370188,2.4812408266324177
15,8,6,9,8185.2687063378335,5140.082639753964,2.8407530429297503,2.727520974078126
15,8,7,13,8861.196996128505,7254.394186835292,2.8250524680753504,2.6872831068960625
15,8,8,13,7196.849335309528,6787.802121561079,2.52982514923895,2.80324385340869
15,8,9,11,7656.818267228818,6686.57902942655,3.27551079834813,3.121519978760884
15,8,10,13,6767.693183767847,6324.524218078683,2.922282297306361,2.922282297306361
15,9,1,13,7530.433213015979,7071.063545648333,2.6039948462889653,2.6039948462889653
15,9,2,13,8304.166071100575,7585.817353939571,3.0579691098599042,2.9898909887488205
15,9,3,14,6698.601016913959,6340.908014069399,2.571200941371479,2.571200941371479
15,9,4,10,5804.332590764637,4122.939945187705,2.3259114537297116,2.3259114537297116
15,9,5,9,6686.854148916516,7766.214032885824,2.5248398151278195,2.2617965412398027
15,9,6,9,7259.008132268088,7406.842530892591,3.0761940105417125,2.475817887335069
15,9,7,15,8108.337677135686,8108.337677135686,2.957535075652439,2.957535075652439
15,9,8,10,7625.409038405328,5577.918228482966,2.732711506010075,2.732711506010075
15,9,9,12,6068.059096488511,5098.888230410149,2.276377904840018,2.2575864792674545
15,9,10,10,7964.678956067338,5380.642673105508,2.7061828149311187,2.7061828149311187
15,10,1,12,8127.868619843915,7219.253735170396,2.639961135294184,2.639961135294184
15,10,2,11,8995.627921061541,7051.179745148039,2.8774892364307965,2.8774892364307965
15,10,3,9,7651.648275081528,7802.6148191727425,2.666084624941154,2.520231579709196
15,10,4,12,7606.425638946497,6443.7442234313985,2.8437322011166826,2.8065675264094203
15,10,5,13,7266.939293413258,6793.08720162483,3.0518583719677985,3.0518583719677985
15,10,6,12,8267.081841739702,6385.494697976206,2.791403883655462,2.791403883655462
15,10,7,12,7932.61076371865,6135.315454084299,2.8022414330193275,2.7644541427391514
15,10,8,11,5800.094378093961,4966.719568721562,2.1640124772115485,2.1640124772115485
15,10,9,10,7016.675296480835,7490.757556405065,2.1858578556595143,2.1593100813534964
15,10,10,11,6533.818127747467,5598.679386976297,2.815466025416033,2.815466025416033
20,1,1,15,3676.5417267733906,3519.0016953101854,6.808410605135909,6.516669806129973
20,1,2,11,2931.5084925972665,2554.48049957012,5.428719430735679,4.730519443648371
20,1,3,13,3307.9977648603385,2935.4210888203734,6.125921786778405,5.435964979296989
20,1,4,17,3495.8897920978397,3405.7313599975087,6.47386998536637,6.306909925921312
20,1,5,12,3527.1335447680344,3292.839482793382,6.531728786607472,6.097850894061819
20,1,6,14,3757.0280543475924,3475.3069057681887,6.957459359902948,6.43575352920035
20,1,7,11,3390.3528261171814,3194.2613107710517,6.278431159476263,5.915298723650096
20,1,8,14,3810.4289060107953,3689.2179157531846,7.056349825945918,6.831885029172565
20,1,9,15,3018.2858475411645,2930.233952638358,5.589418236187342,5.426359171552515
20,1,10,17,3924.1854476758613,3896.2725750349464,7.267010088288632,7.215319583398049
20,2,1,14,4076.9312309118814,3892.948169273233,4.06708898598877,4.002798810722556
20,2,2,17,5027.601997403096,3859.009413477408,5.98071325039634,3.7439422136254317
20,2,3,15,5178.137185091513,5002.900235153385,5.936432902767805,6.441975958497424
20,2,4,13,4040.9970893440022,4385.626641405048,3.821921657995872,5.036304470637029
20,2,5,16,4309.996178768921,4189.235228601008,4.149042312619049,3.9813822186542387
20,2,6,14,5139.546203855544,4094.4234152344216,4.8647707940740395,4.223630094950416
20,2,7,14,5744.324674518488,3998.705866325433,6.385809154223491,3.8784937832297013
20,2,8,15,4500.667616500547,3711.8918364384704,4.669377189355439,4.064616994357502
20,2,9,16,4317.890893822413,4011.7538244629513,4.015656944949873,3.755302008405962
20,2,10,14,4419.387996836084,3763.638135762205,4.54777219911139,3.7142320396689477
20,3,1,15,4654.521096931328,4513.557173398621,3.52955467932925,3.101120211741436
20,3,2,15,5095.140862617088,5133.5025143879775,3.2446458706252703,3.4264311914781174
20,3,3,12,4557.393380024523,4608.631452136745,3.5840458102653825,3.126160643600633
20,3,4,14,4693.645206830404,4200.226128926413,3.1214666008195686,2.833620928486428
20,3,5,15,5712.521939368189,5209.492621351254,3.7868630754955044,3.4752535571693866
20,3,6,11,4948.71868613828,4662.157187019899,3.377136826950205,3.3490730888086815
20,3,7,15,5033.177078148872,4476.13296014549,3.547093811985563,3.4715432646144286
20,3,8,16,4977.6872796834805,4191.14805785242,3.4012821918239604,3.051007096626256
20,3,9,12,5040.130985027614,5290.578230294821,3.5398710793805837,4.569250977800805
20,3,10,16,4926.150768401531,4812.4411069859025,3.4056063493419275,3.4672273875126622
20,4,1,16,6437.291267766682,6284.665363486242,3.703820650659787,3.701179895602712
20,4,2,15,5972.5677382245885,5816.207274353206,3.285289904438879,3.2425311702777613
20,4,3,14,5170.111276451836,5080.919873635197,3.1307957777392508,3.1576921075440345
20,4,4,16,5919.945221863643,5845.268284397244,3.1517530213022695,3.115609204578429
20,4,5,14,6472.190832948347,5822.457838187036,3.71634042036779,3.458706389075462
20,4,6,15,5265.938757526783,4655.444644161553,2.65160767275671,2.9628351093578966
20,4,7,15,5880.043460512955,5489.040158678983,3.3860130572279163,2.6917491986239526
20,4,8,15,5342.92365322683,5154.054941785097,3.248528701228806,3.1537434918621368
20,4,9,14,5957.108068118447,5959.034000063811,3.360639776768383,3.369439287517218
20,4,10,15,5635.577576562665,5408.807328034626,3.337922712798476,3.2372844058297505
20,5,1,14,6144.161819716621,5798.722887641273,3.0677878547933672,3.037703432039748
20,5,2,15,5988.097559996551,5644.41805805726,3.180154454099913,2.858494928242011
20,5,3,15,5844.447155712777,5360.098775486796,2.8106158923443396,2.8004545396323115
20,5,4,17,6416.9495965697715,5812.919658697923,3.3029157644158853,2.9469959772242547
20,5,5,15,6395.261437814378,6117.6507532320375,2.8491644169765404,2.81710426537733
20,5,6,13,5715.192531030778,5133.671315135099,2.8121120070734977,2.7291460158461898
20,5,7,17,6431.649749514042,5830.892657253169,3.2700875909086387,3.3848477539066812
20,5,8,16,6766.420056491921,5811.640175598897,3.3456956207918553,3.546692151724397
20,5,9,8,6615.716104064227,5037.502746128812,3.0140446233346894,2.8475497480373364
20,5,10,17,6284.09205067939,5631.754178711607,3.2865969773987076,3.172841060465665
20,6,1,13,5580.950325715444,5073.1490117214535,2.9330275300489363,2.8928083608542488
20,6,2,14,6665.697187869457,5994.175539450624,2.9523910361905354,2.9180739192158947
20,6,3,17,6341.076616550086,6126.610526330667,3.3173200029777936,3.221676651392644
20,6,4,14,5757.3348981127665,6157.702709990473,2.7654830105729897,2.855367786914132
20,6,5,15,6061.884293959129,5572.683539238322,2.6345000937600096,3.0255252180733168
20,6,6,14,5528.682206294645,5621.301286953097,3.001350448337876,2.4534830763546998
20,6,7,12,6696.4952242723375,6636.323327803388,3.042758385629514,2.9229154115642233
20,6,8,17,6253.8749856402865,6703.214624506292,3.078137308621863,3.169811909529122
20,6,9,12,5995.574231386583,6473.194306387831,3.4639850441406015,3.189488663859234
20,6,10,12,6943.140870680011,6809.710267357587,2.9058609606618577,2.6143220391089477
20,7,1,10,7046.127336076795,5285.893095752232,2.970434265941483,2.9522493710109847
20,7,2,12,6698.582157450702,5558.430722786206,2.685110104789277,2.7404848355511446
20,7,3,15,7805.511593953942,6264.609909539296,2.9861577825318415,3.215499871843069
20,7,4,14,7641.043876949232,6869.518284838012,2.9121716947993144,2.7452565852569326
20,7,5,18,8133.176829043796,7800.609158491672,3.016350466965685,3.3069035739858035
20,7,6,14,7833.78182480973,7890.381658552465,3.188112346520038,3.1471187469137747
20,7,7,13,7659.825271422569,6828.075551622,2.726288898825543,2.8027962536041224
20,7,8,16,7569.416284431278,6489.652656400434,2.640791586778192,2.640791586778192
20,7,9,12,7700.527716506849,6138.501783394555,2.873668266726696,2.7498876199306177
20,7,10,14,8290.051537176603,7754.292176349796,2.838015251906315,2.8317262112261328
20,8,1,15,8616.55253603394,9413.67539749154,3.263798182369076,2.9967075271710706
20,8,2,17,7623.456140544126,7230.2073862593725,2.7456184788770273,2.9501464014429115
20,8,3,17,8336.027045586388,7306.151309455968,3.275237123764502,3.275237123764502
20,8,4,17,6625.302594972678,6375.242156609039,3.2650968207470443,2.97601645623303
20,8,5,15,8182.676814955012,8337.771296802846,2.9500238928376525,3.116916432309225
20,8,6,14,7635.3280169640675,7502.047567288091,2.9171177638297947,2.866475261255931
20,8,7,14,7164.5313275236795,7389.542424666277,2.7623638965404465,2.5971297843895975
20,8,8,15,7699.771827164986,7719.164150867028,2.62909132497995,2.60496884606328
20,8,9,14,6828.384435192846,6725.057974837141,2.46706770826577,2.76501525597685
20,8,10,13,6586.846649495918,6582.587019141491,2.467524381946756,2.4458341271204485
20,9,1,17,7023.2400522214075,8142.466543575375,2.798124859297094,2.389157284019644
20,9,2,16,8708.184616966237,9627.602756610124,3.2432081133094632,2.749095250040064
20,9,3,16,7771.437028362457,8552.292706656173,3.6216737040247478,3.5709774523202458
20,9,4,15,7190.440778074556,7361.628681318082,2.581052507861364,2.577269812211803
20,9,5,16,7726.930619449686,8789.061125077402,3.273970800464961,2.732502595663475
20,9,6,12,7942.775738882068,6662.958352887892,3.072842411634319,2.968809740828661
20,9,7,16,7513.325313495098,8310.71226976286,3.5521986757366135,2.772434328127363
20,9,8,13,7071.087822607851,7070.014693253794,2.7977349416260857,2.701838077023387
20,9,9,15,8621.599978463373,9270.282168852968,3.0874369794003877,2.7273909681790474
20,9,10,11,7870.338235634033,6617.775842255983,2.805729808355958,2.9211807092422357
20,10,1,14,11357.10860839285,8678.341505960467,2.9480669345527675,2.9480669345527675
20,10,2,14,8721.899772544637,5998.350322573637,2.4261265357974677,2.4261265357974677
20,10,3,15,10380.81386851849,8118.600050572685,3.0504579823510793,3.5351741815831312
20,10,4,17,9490.820333016807,8118.0271037685525,2.448802352410797,2.448802352410797
20,10,5,15,9084.250071808707,7096.520322105024,2.6111796943887047,2.471967431928852
20,10,6,14,9523.145038833394,6935.6976299648695,2.7371721246912046,2.7371721246912046
20,10,7,12,9978.868346963423,5850.711674339164,2.7213204724683235,2.781266447374766
20,10,8,18,10412.448388341054,10362.287037306929,3.3757950818249807,3.3757950818249807
20,10,9,13,8708.021546674881,6513.714551948037,2.356300824668193,2.575261671592482
20,10,10,14,9299.651295084883,6580.71756776085,3.2170276819517887,2.970351932033302
25,1,1,13,3625.678542955834,3114.639723368598,6.714219523992285,5.767851339571478
25,1,2,17,4292.660410599871,3961.821481937734,7.949371130740502,7.336706448032841
25,1,3,17,3953.9411612634317,3633.0855770689886,7.322113261598949,6.72793625383146
25,1,4,14,4026.566694274881,3375.3096046606433,7.456604989397928,6.250573341964155
25,1,5,17,4008.7260053167397,3675.792831897024,7.423566676512481,6.807023762772267
25,1,6,16,4176.004737786032,3795.1171591350676,7.733342107011171,7.0279947391390145
25,1,7,15,3939.867734682575,3684.576825458085,7.296051360523287,6.823290417514972
25,1,8,19,3883.4621508117584,3698.7924633987473,7.191596575577331,6.849615672960644
25,1,9,16,3908.1505790853184,3632.747654883196,7.2373158871950345,6.727310472005919
25,1,10,14,3698.8927812510337,3433.965497810372,6.849801446761175,6.359195366315504
25,2,1,15,3904.9668120545452,3451.8666031933953,3.855591363260249,3.2636122176760742
25,2,2,14,3669.479777373052,3335.348806603405,3.516163479422114,3.3012107987445805
25,2,3,16,4725.7899421377115,4098.585866576522,4.522504300167725,3.9580098883834407
25,2,4,14,4330.308302524707,3827.913902336505,4.153592655436543,3.5451219414993873
25,2,5,16,4385.596124487251,3727.7957552402886,4.449684005185312,3.579055240610713
25,2,6,18,4523.444493667232,4479.822530818128,4.214674838577193,4.194594704829934
25,2,7,15,3892.8299536616264,3644.678251014102,3.739202451231298,3.4957614957967547
25,2,8,17,4323.663398556032,5510.943649550049,4.310922894253711,5.86492320174289
25,2,9,19,5180.050125774142,4004.457576226596,5.211435132810582,3.980338326980741
25,2,10,19,4625.977894640488,5610.210694505768,4.434246926300337,5.4525381474301655
25,3,1,18,5374.986709075834,5346.128939274042,3.733808307250126,3.453562857823313
25,3,2,17,4910.476264763333,4382.020119125725,3.2343437192755835,3.0810669405292286
25,3,3,18,4802.310014835573,4708.660833898701,3.75208376616143,3.0166572546143646
25,3,4,15,5658.52222215381,4759.559914766741,3.6294262708328775,3.1474975637459712
25,3,5,15,4816.144181859955,4595.618674323705,3.2553646138888004,3.008825960350074
25,3,6,15,5306.258969895494,4883.919496823699,3.4318618938201118,3.4753014798480453
25,3,7,16,5461.362456800397,4590.786636009494,3.9706987784401786,3.316705255724606
25,3,8,18,5992.068201239049,5698.565990284465,4.233329095213626,4.216827269232248
25,3,9,20,5362.007544462802,5229.714086250133,4.044242852179302,3.434965710749859
25,3,10,15,5067.35106371379,4894.885110157598,3.416727507226005,3.1471061641321976
25,4,1,12,5337.625255128309,5058.788924150058,3.3922910635550285,2.976275692527711
25,4,2,14,5985.6924263812225,5002.2008815966055,3.603343127557719,3.2445687213671044
25,4,3,14,4902.758522862101,4539.716672358534,3.2933531669059204,3.258463839591202
25,4,4,18,5872.329494035897,5550.123114184792,3.4280171819331255,3.3266858682547453
25,4,5,15,5708.608597047272,5623.863493913016,3.2424219819458324,2.988750751712117
25,4,6,16,6632.932864076828,5713.117335158942,3.467313662019841,2.90681895868558
25,4,7,16,5366.311865746529,4760.341403587636,3.303959003508074,2.48829052731421
25,4,8,13,5530.511657145099,4921.718613518043,3.5282307021777504,2.841549703272082
25,4,9,19,6247.65035438015,6034.565147536221,3.640582509527975,3.0750985158703426
25,4,10,15,5597.086199106516,5861.689888181587,3.6506223967744815,3.3415511350265628
25,5,1,18,6287.412070775146,5767.004795211957,2.7863073196335963,2.8156156612751273
25,5,2,17,5990.7440205684015,6154.686709433292,3.198929005227787,3.1156733427968533
25,5,3,16,6614.321688084847,5798.186167954547,3.76103285578597,3.5890124309683378
25,5,4,17,6018.162383233637,5323.16454307251,2.722780400017828,2.5394531239071223
25,5,5,16,6615.427749267748,5794.1888445749155,2.9169467563708396,3.3606214760679354
25,5,6,14,6451.721076941799,4973.624538092201,2.732336290227408,2.6792594678939254
25,5,7,16,6734.189628324273,5021.195713780935,2.784300012211075,2.629105868671724
25,5,8,17,6568.167814611782,5900.815330947838,2.9312922938265755,3.134698532171432
25,5,9,18,5983.232005775715,5717.281106387617,2.8150344135432657,2.7497764458041725
25,5,10,17,6651.315541189589,6289.86661270604,3.668603085985561,3.4360156848126646
25,6,1,17,7820.33422712028,7554.377743664541,3.9266240684054106,3.2092847595731127
25,6,2,16,6790.670473611017,6490.470456534273,3.1650725329455547,3.324143648777707
25,6,3,17,7019.317738978996,7334.455585373237,3.754073969192892,3.0741738468696704
25,6,4,13,6393.443132350001,5762.547186705488,2.742131327358271,3.0198412721583474
25,6,5,19,6612.133471074479,6568.701781460125,3.4496935340618204,3.4503066167840677
25,6,6,17,6709.793909301349,7177.726626694894,3.477867820945835,3.4127986472800123
25,6,7,20,6451.159451360586,6581.852287360112,2.9428613661248377,2.9395382938162475
25,6,8,15,5412.984210541226,5571.840204631208,3.2253084973384962,2.9250261857167197
25,6,9,20,6266.987368988428,6097.524498510589,2.626421904165494,2.7874365888689265
25,6,10,19,6754.251511586221,6389.309831184362,3.3544985325986993,3.125614257370288
25,7,1,17,7029.267861926639,6325.350744252113,3.0743677169031405,2.656715677209463
25,7,2,17,7519.972322698312,6736.942967668284,3.098045604772913,2.7528793264099582
25,7,3,15,6803.817968110704,5538.327395920316,2.834166945444007,2.7371450338793677
25,7,4,18,7515.096437084586,6880.603640134643,2.8523277470215977,2.851365226742554
25,7,5,16,8436.894146786526,7050.137279973809,2.9385645946372865,2.8680545168025726
25,7,6,16,7222.384750485094,6653.520600288648,2.9773234183713484,2.7637224889072263
25,7,7,18,6841.671245148597,7004.032781603101,2.8484459083822875,2.9560896930167293
25,7,8,14,7639.259826932345,7595.690273561715,2.4632444564003504,2.3705067486286118
25,7,9,14,6993.426739173064,6152.493791357422,2.8205196984515366,2.6425507277227336
25,7,10,15,7487.074429805459,6099.506529446278,3.2365712492100576,3.217198551087815
25,8,1,17,8004.6857384992745,7407.926756166232,3.229724061704873,3.0182744071412846
25,8,2,18,7617.861937028637,7061.78340705148,3.334193342292055,3.1866466914153913
25,8,3,17,8833.280876450122,7579.865826336656,3.0021626003885284,2.8948452418345823
25,8,4,18,8812.328877897879,8526.291957603997,3.2577422054103495,3.256653334327699
25,8,5,16,7859.039374516356,9108.988704523872,3.078098198274266,2.827133893721609
25,8,6,12,5900.400534940502,5134.978710402132,2.2329236879473244,2.237563594584608
25,8,7,20,8459.8529593292,8778.058423262322,2.9170293950862485,3.356894411217772
25,8,8,16,7866.7119933863,8868.268222249404,3.1787054023371035,2.876642605206176
25,8,9,17,7355.149499174731,6631.807704660032,2.929089053187858,2.7308551608542793
25,8,10,16,6691.193839073752,7598.982187063795,3.1598345711861655,2.6716206933107625
25,9,1,15,8406.127250476917,7405.343188707946,2.5245321628639523,2.8273129803597112
25,9,2,14,8732.482556154426,6879.868443850852,2.931567619348657,2.899806354114792
25,9,3,15,9419.318165885836,8099.029197143824,2.803665344452066,2.8886515559965487
25,9,4,17,9435.037503158737,8593.501667953575,2.832963537508071,2.794835703889906
25,9,5,15,8791.182210556462,7909.592623634694,3.023335153208296,2.9832538516279152
25,9,6,15,9415.257379898798,8022.140400767597,3.1543831042512087,3.1496785049586538
25,9,7,19,9243.080157737944,7535.65477432288,2.665666588321429,3.0901168798654703
25,9,8,16,8833.853355899624,7987.527270858371,2.679546059002301,2.5921952111259774
25,9,9,18,8836.361330373482,9056.33102002313,3.0687034135100255,2.739629587410004
25,9,10,15,8457.37479803998,7895.727054642844,3.2258434893244967,2.868136567384696
25,10,1,17,9316.175160027127,8664.712084797953,2.641538004094243,2.630263160234671
25,10,2,18,8702.881082287387,9049.407981291644,3.3303802653473475,2.842835499892103
25,10,3,15,8489.490509565949,7977.526940491217,3.0999472900890455,3.0996153958488684
25,10,4,15,9370.323732147683,8500.554517334187,2.7596292521173953,2.70783874315946
25,10,5,18,8832.983491906427,9606.29812730606,3.396692619401339,2.899991412928416
25,10,6,15,9172.401827042533,7850.442541420721,2.7332531151160446,3.0224675374204986
25,10,7,18,7506.5754554931755,8253.766396096651,2.714694431020548,2.6340821539009274
25,10,8,17,8713.296321093128,8615.965339895562,2.705076458376886,2.675679756917492
25,10,9,19,8418.165248927797,8384.508626047444,2.570957718594087,2.4623238710722064
25,10,10,15,8999.100984073786,7417.935626075705,2.8612946243099024,2.6684357919271036
45,1,1,23,5259.587051606091,4714.168729076287,9.739976021492764,8.729942090882012
45,1,2,24,5375.486779812738,4137.386088289754,9.954605147801367,7.661826089425471
45,1,3,17,5059.325287200056,4194.820755651768,9.369120902222326,7.76818658454031
45,1,4,22,5033.619070876565,4356.606405844052,9.321516797919564,8.067789640451949
45,1,5,25,5301.901024820156,4661.36788290552,9.818335231148437,8.632162746121333
45,1,6,21,4921.006625717898,4137.242951929359,9.112975232810923,7.661561022091405
45,1,7,20,4952.467523586768,4035.9969144049296,9.171236154790313,7.474068360009129
45,1,8,18,4788.423154544301,3684.641346651378,8.867450286193149,6.823409901206256
45,1,9,26,5528.226262075383,4453.8752972878165,10.237456040880339,8.247917217199662
45,1,10,19,5013.124578263287,4078.9306969655604,9.2835640338209,7.553575364751039
45,2,1,22,6648.53763462497,4592.163639068372,6.634827369648775,4.371249094960973
45,2,2,25,6528.724207227378,4817.403878812853,6.602006505974633,4.766999032880824
45,2,3,24,7024.794836797981,4866.522396357803,6.755247736505095,4.7029796540285655
45,2,4,20,6903.666058746972,4285.221895863751,6.607971240182733,4.003752608579644
45,2,5,22,6149.323248300391,5392.614447646556,6.56246668039963,5.209029561594522
45,2,6,24,6286.499588487561,5736.733936409088,6.222115123506127,6.053857557652808
45,2,7,25,6608.528957253418,6425.643079518848,6.1918447981958735,6.018702222944657
45,2,8,23,6603.958307494094,5762.608139519376,6.259011402995808,5.8782261355492516
45,2,9,23,6569.919214164747,4672.036752608851,6.611952150579613,4.513902453639331
45,2,10,21,6362.6449947149795,4484.6758711492475,6.731244431131274,4.527553217221695
45,3,1,26,8480.859830787529,6294.029389602348,5.934726904411976,5.141878404086698
45,3,2,23,8441.585593017311,5260.960948345493,6.039765728773268,3.524982697534587
45,3,3,21,6410.697373219924,4949.556169173101,5.463743554793867,3.554305247927368
45,3,4,20,7491.303097391079,5091.94810038541,6.257950419710073,3.4603780420479255
45,3,5,18,7756.817236027206,5390.720251024353,6.065182002745364,3.6027570991020537
45,3,6,22,8124.354002804645,5044.883977879574,5.662356548149654,3.8000332359441837
45,3,7,20,6540.565226261878,5392.516266761986,5.164786487837662,3.669999451980376
45,3,8,25,7993.283741148372,5711.4456266110965,6.01387640133175,3.905745043052324
45,3,9,22,6420.153210576906,5981.559673239302,4.209353046735052,5.4340986179841995
45,3,10,23,7381.324840778185,5488.8158918311765,5.365782282549504,3.689425694249263
45,4,1,20,6833.356130813223,6021.000053641998,3.50973265139101,3.8330560584982583
45,4,2,22,7084.717565814377,6232.135600767308,4.1379193267721055,3.5890718056881337
45,4,3,19,6537.836305450997,5452.902259496396,3.3966428910877053,3.001257829049465
45,4,4,20,7657.549549669746,6067.610008681578,3.7675494942980206,3.1614939493917045
45,4,5,27,7287.779900343342,6298.58995287366,4.059711648670345,3.4480914289734237
45,4,6,23,7069.251275902074,5997.298655531126,3.759420618663275,3.0032862809544523
45,4,7,20,6949.080475372943,6106.165017740679,3.8543201691703075,3.1520918018551365
45,4,8,22,6716.088775611617,6578.045305505071,4.075245571420707,4.0758987643103355
45,4,9,23,6548.101120964697,6182.971343472314,3.6572768604178667,3.127546200011286
45,4,10,22,7235.887013690502,6149.641796463528,4.18222338866795,3.474647255741624
45,5,1,20,7456.559668928773,6570.620250595584,3.2220220132411113,3.396818106488065
45,5,2,25,7545.353002725937,7119.633651395661,3.1922086324071706,2.977788463102408
45,5,3,26,7810.9807649671875,6704.241865681834,3.535339131632729,3.347131078335474
45,5,4,22,7910.87656756662,6641.390765699746,3.9966273935181276,3.2230518995924546
45,5,5,24,8314.896537071461,7061.582063267942,3.7273758288825487,3.2929207755905257
45,5,6,22,7976.515690759573,6662.38026902811,3.2294114697463505,3.159455396664945
45,5,7,21,8085.756247399051,6621.974411502541,3.7204280964530816,3.2006648401865445
45,5,8,24,7771.83854143364,7132.900224456682,3.881938249662716,3.5703972335757492
45,5,9,26,8031.651088120049,6486.424144450935,3.7007116630263535,3.6368360367880017
45,5,10,20,8043.348063933742,6238.518023727818,3.285465638647706,2.8448201675442912
45,6,1,25,8343.576622248365,7244.531303211834,3.745173921574188,3.0937763162649947
45,6,2,23,8302.88142683404,7779.539535524844,3.3692923165312467,3.142641729529924
45,6,3,21,8060.555184154181,6569.282080649205,3.0489917831573283,2.837458496971173
45,6,4,22,8461.107494248794,7427.095960084835,3.547453226291615,3.4393203746177883
45,6,5,22,8230.170118251408,6756.174165869445,3.387290165588373,2.9895370861168216
45,6,6,25,8970.358403974447,7125.512103447878,3.545006839162692,3.227489224963326
45,6,7,26,8563.64044911181,7915.191883893245,3.8210853114611467,3.29945017853959
45,6,8,22,8121.009892997708,6966.311797809267,3.1684341285521103,3.226074613098782
45,6,9,22,8883.714083866218,7545.956390586816,3.597066939036007,3.377794480431887
45,6,10,22,8449.69620142882,6958.048659936193,3.352024807492812,3.0590583510860028
45,7,1,21,8141.027263544881,7416.704647259252,3.0602787513814778,2.7276129837884784
45,7,2,20,8240.711595558207,7988.78433663656,3.307763245442371,2.9406504612543314
45,7,3,20,9872.954528849961,8702.032991536078,3.57276487476775,2.9958663860447237
45,7,4,22,8815.178936633149,7032.403934804989,3.2389069950229437,2.5543586094210755
45,7,5,21,8529.794256281995,8251.82117945109,2.9532937111166486,3.4271690178129868
45,7,6,26,8895.464166120555,8230.085208203453,3.168266760556577,2.9441799760941643
45,7,7,19,8727.030245580108,7789.199394199666,3.423352724547496,3.154443271427024
45,7,8,24,8574.735295064134,7490.338021353091,3.5708424291710394,2.9275309617795893
45,7,9,27,9005.772725447216,8271.48493586214,3.037891226257375,2.9496966449092885
45,7,10,21,9083.940487334827,8560.55694980421,3.3379705155745114,3.0925315490421146
45,8,1,22,10848.801005288815,8694.142018982793,3.25361391892634,3.0302970800967715
45,8,2,22,9396.44673712019,8055.91525020498,3.037376960233074,3.052057851639354
45,8,3,28,10346.940352687361,9221.128818946792,3.2048599033439675,3.6098395115620034
45,8,4,24,9613.303360472259,9368.952417532295,3.01620505424662,2.9737632425497464
45,8,5,23,9410.947104985022,8978.378245907,2.864542137755733,3.2330605729216795
45,8,6,23,8914.098407098138,8557.424138732635,3.07397135146777,2.9030017966353685
45,8,7,23,9778.885400385727,9095.363779831525,3.7110550727172877,3.1204904632042108
45,8,8,24,9825.72323323208,9339.631795489595,2.9716018165573073,2.898940160641502
45,8,9,23,9069.097203765305,9050.929078886105,3.3789490971175704,2.9397928899644894
45,8,10,20,10191.251460428788,8859.636912674057,3.323585334150187,2.8733675771579916
45,9,1,20,9546.895536020545,7055.386984685804,2.849481409084804,2.847351560948016
45,9,2,25,10394.734814973026,9778.139627971022,3.0648608315508095,3.0598096024425687
45,9,3,23,10516.874433514862,8523.263515678445,3.008578599166371,2.814743150465238
45,9,4,20,10661.347434709958,7785.361365760098,2.877031898744723,2.9954454732034512
45,9,5,21,10143.273121135957,8081.347346677211,3.018393990231477,2.88300435944147
45,9,6,23,10517.958958939867,8272.0531157566,3.125828202514488,2.9451625105697885
45,9,7,25,10839.46304284537,9954.480053494368,2.995886875130968,2.998147351002841
45,9,8,20,10952.215629714749,7991.014463637139,3.3513387771791296,3.1120812231003425
45,9,9,21,10211.15826311749,8115.926506537173,2.999102116580685,2.9332650124508604
45,9,10,23,10243.162850811157,9453.52852094664,3.5153068687763427,2.97429053516434
45,10,1,20,9995.0318234216,9705.312430573824,3.2630700896114266,2.677866017918892
45,10,2,21,11568.295818192713,8582.002291578485,3.0737081168199296,2.9405651356845195
45,10,3,22,10221.839022667647,8866.02189510046,3.0038155094955865,2.968320168336485
45,10,4,22,11678.471351978256,8340.036887581527,3.009539037140554,3.0635007646498638
45,10,5,26,11496.691921512978,9652.115944465919,3.0136536078219076,3.0968638669973916
45,10,6,24,10975.487839722402,9939.038320663978,2.931762973460475,3.2477424351234587
45,10,7,25,11074.936356852533,9815.369970734268,3.0279836693316775,3.245691785181896
45,10,8,25,11543.802713857593,9606.556034224557,3.013642284588085,3.192173961182808
45,10,9,21,10983.835667102729,8532.592475722557,3.10999467201967,3.159741000296733
45,10,10,21,11412.740288072113,8447.109647319436,2.9493132189362474,3.161135824484236
60,1,1,25,5581.074964311076,4487.564702530726,10.335324007983473,8.31030500468653
60,1,2,22,5485.857495594124,4345.470046128741,10.158995362211343,8.047166752090263
60,1,3,25,5926.519047319069,4145.399985468569,10.975035272813091,7.676666639756611
60,1,4,26,5740.854885304895,4505.284793971674,10.63121275056462,8.343119988836435
60,1,5,25,5990.291459007439,4705.785845610546,11.093132331495259,8.714418232612122
60,1,6,26,6114.079879898095,4597.404011949031,11.322370147959436,8.513711133238948
60,1,7,26,5764.694052022433,4681.85731466956,10.675359355597099,8.670106138276964
60,1,8,26,6042.385018881286,4731.8638929978315,11.189601886817195,8.762710912958948
60,1,9,23,5428.9417704715015,4139.238465517168,10.053595871243523,7.665256417624387
60,1,10,24,5595.703252410021,4240.6529403737795,10.362413430388928,7.853061000692185
60,2,1,24,7389.993383825549,4905.98136031828,7.363436651471034,5.02521241573004
60,2,2,27,7439.578633028541,5381.0450296834115,7.092198577664274,5.016012406777531
60,2,3,24,7536.799387987246,6191.422295231629,7.039730198825797,6.407585262915832
60,2,4,24,7401.088314569576,6437.618499059008,6.925488868429028,6.887430970634921
60,2,5,28,7470.874195083272,6421.943438035203,7.763330524320419,6.106060141964262
60,2,6,23,7049.26323573339,5558.109224266733,7.218853256187118,5.848378595205951
60,2,7,23,7077.498975220718,5828.093803724605,7.63456007052825,5.697973259171723
60,2,8,26,7009.343123307741,5994.112921466476,7.045861733785197,5.701739976893545
60,2,9,27,7561.850566594627,6262.905606008633,7.911550527138736,6.087618177058301
60,2,10,23,6994.836776535188,4295.955414881937,6.616686147671247,4.493997178662133
60,3,1,24,7474.857616069552,5675.0251088417335,5.836949217732035,3.6215925499547397
60,3,2,23,8116.918374189452,5602.504738015883,5.158091483504913,3.534978594339518
60,3,3,20,7829.094546877276,5792.361220416604,5.4174692922968095,4.283114538568191
60,3,4,23,8334.42913573172,6004.7286495924845,5.605769944438409,4.143270058272296
60,3,5,26,7454.187196137182,5534.582011753815,5.996303627443832,3.7667113236648095
60,3,6,25,8639.196811541786,5882.118576442344,6.109910749702834,4.047458799543612
60,3,7,23,7228.46168715416,5326.247117609011,4.675986588862596,3.682521948681421
60,3,8,27,7685.791356215183,5739.512886126719,5.8894523305939055,3.9997538259170446
60,3,9,25,9499.309784504847,5845.146576962955,6.542871362775158,3.944080783741966
60,3,10,23,8005.5266308111995,5651.592740884262,5.815955070342744,4.053734988100395
60,4,1,23,9402.60846495781,6340.1516084452405,4.593743796830195,3.4001950258625264
60,4,2,23,8870.89732400301,6565.558729757484,5.775204350869516,3.213343025155872
60,4,3,29,10442.335799825418,6874.979312069041,5.331741510903726,3.7400490256420196
60,4,4,22,8932.800162068095,6367.025891131381,6.277768694936048,3.514636640096725
60,4,5,30,8589.938528923847,7547.9686950457035,4.660538137017099,3.7315550054489757
60,4,6,27,8223.465184381364,6368.369235156633,4.922444903247648,3.5560748883239026
60,4,7,22,7818.669538255726,6135.30064277633,4.1473696036945285,3.3245151401563553
60,4,8,21,8091.766075516785,5844.708078758663,4.531957887870869,3.568768985855129
60,4,9,24,7547.769497496516,6501.245621603161,4.268768184614982,3.1323006030014438
60,4,10,25,8900.605662408161,6381.320394075668,5.428258288351619,3.489028977233392
60,5,1,25,7969.833550140298,6723.056551684401,3.704707778431283,3.276458006371348
60,5,2,25,8221.19115572011,6782.297843345145,3.5971579060234378,3.083256829839808
60,5,3,25,8531.01436973045,7187.463913772701,3.7883160691070903,3.0245974343794377
60,5,4,30,8430.782540675242,7584.677122127587,3.428850717489908,3.5059554839846645
60,5,5,28,8869.405932393236,7375.994484265597,4.241780479913977,3.4538359030838683
60,5,6,27,8473.523662551213,6691.255464791566,3.4902897440773066,2.9878122932620075
60,5,7,20,9086.124633104811,6957.463377163227,4.009898013456852,2.9705555032185296
60,5,8,24,8973.45382129628,6789.891628897838,3.9854704745827156,3.329649472359437
60,5,9,26,8581.425329455584,6478.420085741644,3.873436314508141,3.2482539763131317
60,5,10,22,8783.634253759621,6112.006656483557,4.032987011403189,3.055101702039374
60,6,1,25,9370.482507950685,7293.121736553264,3.4476248543498524,3.3593504187557723
60,6,2,20,9532.779721821296,6730.246308474592,3.5300088132612113,3.0423268907426144
60,6,3,25,9264.386572929887,7311.815526166694,3.8275216466900455,3.340750580505976
60,6,4,26,8587.008649736938,7490.300797000957,3.5204658588501947,3.4237251224231566
60,6,5,26,9374.409654876443,7308.239665946076,3.3541871995007906,2.9861818140155294
60,6,6,27,9253.41060784628,7621.880108383659,3.4683639781960407,3.447547848312169
60,6,7,23,8348.718795442768,7428.606744643547,3.300758495324591,2.8334395212850705
60,6,8,26,9716.706003709673,7987.802220887896,3.5865796122852833,3.340129083090484
60,6,9,25,9535.822991659923,7376.660637846939,4.1679577348378345,3.534784243918179
60,6,10,26,9370.308827061126,7628.957494592361,3.2160003682832827,3.261970739780742
60,7,1,23,10025.917777164303,7542.465532807519,3.5510011070508702,2.9939116578660205
60,7,2,24,9814.491414215901,7614.479085706003,3.430827688533445,3.005954500954725
60,7,3,24,9776.03976382489,7983.242393063067,3.8044815456748,3.0643168067668403
60,7,4,27,9409.20160892291,8050.422023627554,3.32459916903984,2.8440978925496476
60,7,5,22,10051.588432164577,7237.8812111643065,3.0231434685532674,3.230820420848213
60,7,6,22,8802.191678915253,6765.542773454836,3.2801457939276895,3.261773474696292
60,7,7,24,9758.008853000232,8109.601371551165,3.4852578289648055,3.4326255784029858
60,7,8,28,9879.945959299937,9189.138752434461,3.5013887325332917,3.204898875005618
60,7,9,28,10157.105810268129,9049.415463642034,3.550028055480084,3.40009958855734
60,7,10,25,10814.632952479014,8296.57744201316,3.840121184592687,2.9023249048527173
60,8,1,28,10228.474712012403,8817.884883232746,3.558782668085641,3.083576874632165
60,8,2,24,9499.325154886523,8800.45089863559,3.0521885213377646,2.6766224050836915
60,8,3,26,11120.471308113016,8722.868271472073,3.394600625348461,3.4509006848227677
60,8,4,24,11210.01912765403,10080.632952753904,3.735931704390957,3.1966678354897917
60,8,5,21,9746.498123256473,7698.712885387513,3.1078764596139843,2.760234103220909
60,8,6,27,10265.854388860105,8780.324646311568,3.0506323676253206,2.993052417389448
60,8,7,29,9695.383737040074,9719.986550446205,3.684375240243395,3.246457148264952
60,8,8,26,10253.163099453835,8457.50643184278,3.487604593201897,3.2170802770545093
60,8,9,21,10532.022605381075,9346.679637591922,3.442148444070182,3.5756199478511648
60,8,10,27,11021.443016766041,8909.619755625625,3.424608890310691,3.021905086023981
60,9,1,27,10396.782036210408,10719.548175752272,3.499341179353092,3.100056287114751
60,9,2,27,11831.57993998872,10759.522293349375,3.388784957786442,2.966362627708313
60,9,3,25,11665.834529399448,9507.180552920632,3.0269948870967447,2.8171918803434943
60,9,4,26,12295.21964939536,10223.28510094492,3.3604051312932386,3.026385518791267
60,9,5,24,10350.350785266552,7996.439100236061,2.738166146355635,2.5879848731733004
60,9,6,24,11146.500419532504,9328.287598981824,3.283170487904306,2.7349501093779285
60,9,7,21,10893.219113366878,8626.590419362647,3.1697121822405543,2.948778457622208
60,9,8,22,12302.0381851162,9307.399102063591,3.462854685380388,3.163186177759921
60,9,9,24,11165.626748288518,9787.11519467681,3.337283780496967,3.000341944381642
60,9,10,24,10622.9934698681,8913.849080494434,3.1096952830327607,2.885076403666577
60,10,1,25,12531.15351955142,9238.807817360288,3.0357377606508966,2.716079062235057
60,10,2,32,11805.036680501604,9240.957962242577,3.029182400017681,3.0717176442507474
60,10,3,29,11852.134466535068,10521.145610213021,3.1632519944030304,2.8008945729101233
60,10,4,25,11923.446732137952,9242.601824465846,2.9942738608863895,2.8767539085507217
60,10,5,26,12014.371339704541,10184.047688401399,3.1763334772406573,2.904076680138412
60,10,6,21,12686.326503285803,8567.694599705685,3.1264795144349455,2.95395375979104
60,10,7,24,12883.361225805147,9814.911095633315,3.299302848342231,2.9773657640885074
60,10,8,29,12788.309938663571,11050.632432007109,2.9729241938356656,2.936495172082228
60,10,9,24,11843.913604291947,8702.969608625099,2.802780127395437,2.8493978198036403
60,10,10,24,12788.923398397043,9090.887578276328,3.475524055249634,2.846819027077648
100,1,1,26,7196.943394068744,4605.318474690977,13.327672951979157,8.528367545724032
100,1,2,30,7715.029861607321,4862.905319913177,14.287092336309856,9.005380222061438
100,1,3,29,7992.3015723085155,4728.716359200719,14.800558467237993,8.756882146668
100,1,4,29,7408.437851437364,4898.566471509399,13.719329354513636,9.071419391684072
100,1,5,28,7233.395740085463,4703.833144304704,13.39517729645456,8.710802119082784
100,1,6,33,7609.236416946658,5418.553349903768,14.09117854990122,10.03435805537735
100,1,7,24,6853.576775505247,4424.051008527067,12.691808843528236,8.192687052827901
100,1,8,28,7340.786566890809,4849.79985714906,13.594049197945942,8.981110846572335
100,1,9,27,7398.470204432673,4667.267949098812,13.700870748949395,8.64308879462743
100,1,10,28,7423.565205690662,4858.637135120311,13.747342973501226,8.997476176148723
100,2,1,29,8817.783295966723,6175.292759254346,8.76127370457934,5.8279045520457045
100,2,2,31,8596.953406243218,6454.457113587354,8.087962535103696,6.466430295750309
100,2,3,27,8556.05001525506,5978.476915373849,8.506612257778624,6.822762073470317
100,2,4,28,8780.703571889453,5865.86155781229,8.546022071468247,5.804124152809438
100,2,5,26,9041.962055140295,6283.851017665739,8.493285092358596,6.314110583954998
100,2,6,29,8855.090604810355,6336.052102383244,8.70852323310727,5.927048771061768
100,2,7,29,8694.828702510598,6227.80670601195,8.310063293878029,6.109145984899896
100,2,8,26,8395.495357151609,5883.585575289751,8.464031707586964,5.606607407362474
100,2,9,24,8521.609960385029,4619.693705465703,8.285137754481994,4.286759951859845
100,2,10,28,8780.473318053117,6020.9782606645185,8.140193850285497,5.734076042099994
100,3,1,29,9731.828701080569,5779.763716769596,7.414963798531973,4.564001460992178
100,3,2,26,10016.503717767195,5988.179424763628,6.850662037831205,3.9686146937009608
100,3,3,30,9567.412282712992,6699.174981052097,7.0125179603080285,5.003519306427178
100,3,4,30,10034.726450276314,6472.131871612908,6.4671682569952145,4.577852502699903
100,3,5,31,10171.191597657386,6597.22476052834,6.974907895586377,4.488000251514337
100,3,6,30,10503.901438562849,7777.172081378538,6.9762382098999645,5.597805688533608
100,3,7,30,10751.206023258608,6326.603332460992,7.592730125315575,4.015955551025326
100,3,8,28,10172.906334403357,6075.765355127748,6.952565397013885,3.793387281992386
100,3,9,28,9191.906485159387,5994.114342697857,6.832393999056429,4.652865901058614
100,3,10,32,11019.747784264784,6315.374089312381,7.213744580477659,4.045491346879767
100,4,1,28,11738.661432202984,7092.6922895262405,6.330313312326324,4.024338898576911
100,4,2,31,11925.998534505328,6837.041802792131,6.15944137513461,3.5270622532401257
100,4,3,27,12322.861856470741,6587.9019193566655,6.708185662588779,3.771499871202186
100,4,4,31,11219.287530992528,6899.240992707311,5.514076343951183,3.8442243941385583
100,4,5,27,11361.524733161905,6521.129003672364,6.418260892488904,3.33510521233485
100,4,6,26,12065.265858950313,6273.260707659092,6.440387952226982,3.669386294170058
100,4,7,31,11577.983564593655,6806.110413674103,5.915637825422647,3.85698948735922
100,4,8,28,11600.49040950399,6504.691307167592,6.69275669255784,3.6005300653644556
100,4,9,31,11756.992819013833,6972.970139118619,6.081838655697095,3.3703488331403113
100,4,10,30,12190.514804652303,7706.561746841841,6.968132876987856,4.158236472944227
100,5,1,30,12597.3037212609,7634.662336027887,5.303789258621604,3.6149144650980345
100,5,2,25,10804.493926180954,7205.151156283419,5.29588654326866,3.386681388600535
100,5,3,29,10295.287645515216,7272.218614299154,4.802390117827341,3.238270017464785
100,5,4,28,12143.506376935846,7079.847587530685,6.3880644217684495,3.4744684804442563
100,5,5,30,13462.270337920307,7609.765345268326,5.836116984059929,3.133550060761901
100,5,6,26,11509.018304877938,6689.61504163541,5.504615209546376,2.9486834019655035
100,5,7,28,12023.268703021015,7468.896516344419,5.698942799957383,3.403967184984204
100,5,8,26,13618.075521198398,6745.389541288343,6.0953623194734305,3.488098607873298
100,5,9,31,11578.87749312522,7422.721769417512,4.384538207769783,3.704207430308429
100,5,10,23,11685.75240352388,6387.939341669639,6.252364876204218,3.090468341988999
100,6,1,28,10351.423864214757,7888.600193212191,3.6157360677166848,3.3437469614788298
100,6,2,28,13517.22623450384,8007.4582268940185,6.029983366087767,3.0036148373848053
100,6,3,29,13972.276743910023,8288.236488457716,5.644068327866192,3.401871358520952
100,6,4,29,11487.583337279742,8595.606760027678,4.212868389695428,3.3109291137937333
100,6,5,30,13372.954844551668,8237.462331251412,5.572053898569179,3.1896773284162077
100,6,6,24,10964.95550251945,7971.814248947549,3.9768294376462676,3.1064777023635695
100,6,7,28,12301.361900469072,7940.620644110771,5.421456560631646,3.145002351274614
100,6,8,28,13632.986418950206,7587.547045681864,5.251253584075698,3.1616515564470635
100,6,9,27,11243.296872970612,8106.106087584353,3.8716327520974048,3.360181743757438
100,6,10,29,11241.230451063524,8499.097066160475,4.071459324369346,3.171397620479094
100,7,1,27,13217.532102623736,9255.329867401768,4.641118631401245,3.4240121602184725
100,7,2,30,13201.526960874755,8128.780441913472,4.696504234911096,3.554148598940559
100,7,3,28,12267.403675825892,8944.688910239804,5.032146608804623,3.014251856046047
100,7,4,28,12638.686669731476,9124.223109971248,4.076307768797779,3.2434252426674717
100,7,5,27,11888.245176721186,8654.619250095793,3.570430162271862,3.334194748541303
100,7,6,29,12104.752482777787,8441.585276510094,4.356922487657362,3.1714998674777175
100,7,7,24,11641.01104783644,8192.080930145139,4.355645085188437,3.2267103163836732
100,7,8,26,11474.006893901395,8092.027973029449,3.927537916510769,3.30166063585689
100,7,9,31,12068.772332002405,8670.61843660405,4.343821379725972,3.363304769902167
100,7,10,27,13801.49099457577,8757.344522277752,5.906361979193492,2.999496267666051
100,8,1,31,13316.798053987424,10111.72823470708,3.824637989900132,3.3199969102829527
100,8,2,32,12477.634589507963,10223.579187024605,3.2719707810656704,3.375625772110825
100,8,3,27,12979.84336475672,8576.839000768614,3.5847787534533104,3.411319200754193
100,8,4,28,12399.038002084773,9169.248504362648,3.5501780239531473,2.9941589633762997
100,8,5,30,12299.874506217477,9607.781626136933,3.652614233275265,2.7495464860819445
100,8,6,28,13038.454519028825,8971.849783982858,3.789506896246925,3.04740497982397
100,8,7,28,12643.863651986925,8702.923758837418,3.2828480596571987,3.134836500067741
100,8,8,27,11913.835674637523,8233.212910991673,3.4291247996455403,3.201706299481247
100,8,9,30,11852.705888792903,9502.891020331266,3.805142288532262,2.9968920415436777
100,8,10,29,12535.808180973438,9404.830603501747,3.792944450654841,2.941606278289115
100,9,1,28,12630.754423635004,9086.360402592836,3.3286791938846454,3.3182985813591963
100,9,2,28,12198.257317497288,8683.33358870566,3.276722407215645,3.0911773142985868
100,9,3,27,12863.52006947675,10749.187403187612,3.803429237916707,3.001374709139716
100,9,4,29,12195.362605874312,9426.335073167395,3.410006535934687,3.111506527980465
100,9,5,29,12892.443471913148,9213.753971574077,3.7966086612479377,3.1508830186457915
100,9,6,26,13863.01259106643,9569.392145408672,4.490429898272433,2.8789301375249923
100,9,7,29,12728.318564720414,9460.09372001736,3.724364243736242,3.6200651091373857
100,9,8,29,12681.370542316063,9099.563304717176,3.617493068360977,2.9886899329742733
100,9,9,28,13089.51185559175,9035.217248034529,3.4918841521849493,2.9851435609867583
100,9,10,26,12743.694147470791,10294.771604320955,3.3980042822875447,3.0467672070993643
100,10,1,31,14396.332870411517,10225.15221149698,3.358592331628867,3.2266034161817094
100,10,2,24,12833.091507079456,8668.702220495134,3.211234174917815,2.7917209957068527
100,10,3,30,13752.608224698657,11175.88765707118,3.7036957877338925,2.9563765479920767
100,10,4,28,13503.42335224613,10862.448368180161,3.4168992686949466,3.2135559457143854
100,10,5,29,13029.19842688886,11228.142393769278,3.7550158915718272,2.997694809690924
100,10,6,29,14080.107850787845,10936.054736412532,3.384479613886929,2.9965854744558076
100,10,7,33,14342.076322950381,9903.99982077881,3.814960740385502,2.8885108516445035
100,10,8,30,13670.134364462261,11952.660616682504,3.245402210606332,3.0278203397575556
100,10,9,26,12917.813675138603,10452.991851220051,3.122201898608977,2.762890008650919
100,10,10,31,13272.50391787674,10266.212188419078,3.579998445840743,3.2252130012140303
